name18g4.11.1.1,11,1,1
name18g4.11.1.3,11,1,3
name18g4.11.1.5,11,1,5
name18g4.11.1.7,11,1,7
name18g4.11.1.9,11,1,9
name18g4.11.1.11,11,1,11
name18g4.11.1.13,11,1,13
name18g4.11.1.15,11,1,15
name18g4.11.1.17,11,1,17
name18g4.11.1.19,11,1,19
name18g4.11.1.21,11,1,21
name18g4.11.1.23,11,1,23
name18g4.11.1.25,11,1,25
name18g4.11.1.27,11,1,27
name18g4.11.1.29,11,1,29
name18g4.11.2.1,11,2,1
name18g4.11.2.3,11,2,3
name18g4.11.2.5,11,2,5
name18g4.11.2.7,11,2,7
name18g4.11.2.9,11,2,9
name18g4.11.2.11,11,2,11
name18g4.11.2.13,11,2,13
name18g4.11.2.15,11,2,15
name18g4.11.2.17,11,2,17
name18g4.11.2.19,11,2,19
name18g4.11.2.21,11,2,21
name18g4.11.3.1,11,3,1
name18g4.11.3.3,11,3,3
name18g4.11.3.5,11,3,5
name18g4.11.3.7,11,3,7
name18g4.11.3.9,11,3,9
name18g4.11.3.11,11,3,11
name18g4.11.3.13,11,3,13
name18g4.11.3.15,11,3,15
name18g4.11.3.17,11,3,17
name18g4.11.3.19,11,3,19
name18g4.11.3.21,11,3,21
name18g4.11.3.23,11,3,23
name18g4.11.3.25,11,3,25
name18g4.11.3.27,11,3,27
name18g4.11.3.29,11,3,29
name18g4.11.3.31,11,3,31
name18g4.11.3.33,11,3,33
name18g4.11.3.35,11,3,35
name18g4.11.4.1,11,4,1
name18g4.11.4.3,11,4,3
name18g4.11.4.5,11,4,5
name18g4.11.4.7,11,4,7
name18g4.11.4.9,11,4,9
name18g4.11.4.11,11,4,11
name18g4.11.4.13,11,4,13
name18g4.11.4.15,11,4,15
name18g4.11.5.1,11,5,1
name18g4.11.5.3,11,5,3
name18g4.11.5.5,11,5,5
name18g4.11.5.7,11,5,7
name18g4.11.5.9,11,5,9
name18g4.11.5.11,11,5,11
name18g4.11.5.13,11,5,13
name18g4.11.5.15,11,5,15
name18g4.11.5.17,11,5,17
name18g4.11.5.19,11,5,19
name18g4.11.5.21,11,5,21
name18g4.11.5.23,11,5,23
name18g4.11.5.25,11,5,25
name18g4.11.5.27,11,5,27
name18g4.11.5.29,11,5,29
name18g4.11.6.1,11,6,1
name18g4.11.6.3,11,6,3
name18g4.11.6.5,11,6,5
name18g4.11.6.7,11,6,7
name18g4.11.6.9,11,6,9
name18g4.11.6.11,11,6,11
name18g4.11.6.13,11,6,13
name18g4.11.6.15,11,6,15
name18g4.11.6.17,11,6,17
name18g4.11.7.1,11,7,1
name18g4.11.7.3,11,7,3
name18g4.11.7.5,11,7,5
name18g4.11.7.7,11,7,7
name18g4.11.8.1,11,8,1
name18g4.11.8.3,11,8,3
name18g4.11.8.5,11,8,5
name18g4.11.8.7,11,8,7
name18g4.11.8.9,11,8,9
name18g4.11.8.11,11,8,11
name18g4.11.8.13,11,8,13
name18g4.11.8.15,11,8,15
name18g4.11.9.1,11,9,1
name18g4.11.9.3,11,9,3
name18g4.11.9.5,11,9,5
name18g4.11.9.7,11,9,7
name18g4.11.9.9,11,9,9
name18g4.11.9.11,11,9,11
name18g4.11.9.13,11,9,13
name18g4.11.9.15,11,9,15
name18g4.11.9.17,11,9,17
name18g4.11.9.19,11,9,19
name18g4.11.9.21,11,9,21
name18g4.11.9.23,11,9,23
name18g4.11.9.25,11,9,25
name18g4.11.10.1,11,10,1
name18g4.11.10.3,11,10,3
name18g4.11.10.5,11,10,5
name18g4.11.10.7,11,10,7
name18g4.11.10.9,11,10,9
name18g4.11.10.11,11,10,11
name18g4.11.10.13,11,10,13
name18g4.11.11.1,11,11,1
name18g4.11.11.3,11,11,3
name18g4.11.11.5,11,11,5
name18g4.11.11.7,11,11,7
name18g4.11.11.9,11,11,9
name18g4.11.11.11,11,11,11
name18g4.11.12.1,11,12,1
name18g4.11.12.3,11,12,3
name18g4.11.12.5,11,12,5
name18g4.11.12.7,11,12,7
name18g4.11.12.9,11,12,9
name18g4.11.12.11,11,12,11
name18g4.11.12.13,11,12,13
name18g4.11.13.1,11,13,1
name18g4.11.13.3,11,13,3
name18g4.11.13.5,11,13,5
name18g4.11.13.7,11,13,7
name18g4.11.13.9,11,13,9
name18g4.11.13.11,11,13,11
name18g4.11.13.13,11,13,13
name18g4.11.13.15,11,13,15
name18g4.11.13.17,11,13,17
name18g4.11.13.19,11,13,19
name18g4.11.14.1,11,14,1
name18g4.11.14.3,11,14,3
name18g4.11.14.5,11,14,5
name18g4.11.15.1,11,15,1
name18g4.11.15.2,11,15,2
name18g4.11.15.3,11,15,3
name18g4.11.15.4,11,15,4
name18g4.11.15.5,11,15,5
name18g4.11.15.6,11,15,6
name18g4.11.15.7,11,15,7
name18g4.11.15.12,11,15,12
name18g4.11.15.17,11,15,17
name18g4.11.15.18,11,15,18
name18g4.11.15.23,11,15,23
name18g4.11.15.27,11,15,27
name18g4.11.15.28,11,15,28
name18g4.11.15.30,11,15,30
name18g4.11.15.32,11,15,32
name18g4.13.1.1,13,1,1
name18g4.13.1.2,13,1,2
name18g4.13.1.3,13,1,3
name18g4.13.1.4,13,1,4
name18g4.13.1.5,13,1,5
name18g4.13.2.1,13,2,1
name18g4.13.2.2,13,2,2
name18g4.13.2.3,13,2,3
name18g4.13.2.4,13,2,4
name18g4.13.2.5,13,2,5
name18g4.13.3.1,13,3,1
name18g4.13.3.2,13,3,2
name18g4.13.3.3,13,3,3
name18g4.13.3.4,13,3,4
name18g4.13.3.5,13,3,5
name18g4.21.1.1,21,1,1
name18g4.21.1.3,21,1,3
name18g4.21.1.5,21,1,5
name18g4.21.2.1,21,2,1
name18g4.21.2.3,21,2,3
name18g4.21.2.5,21,2,5
name18g4.21.3.1,21,3,1
name18g4.21.3.3,21,3,3
name18g4.21.3.5,21,3,5
name18g4.21.3.7,21,3,7
name18g4.21.3.9,21,3,9
name18g4.21.3.11,21,3,11
name18g4.21.4.1,21,4,1
name18g4.21.4.3,21,4,3
name18g4.21.4.5,21,4,5
name18g4.21.4.7,21,4,7
name18g4.21.4.10,21,4,10
name18g4.21.4.12,21,4,12
name18g4.21.4.14,21,4,14
name18g4.21.4.16,21,4,16
name18g4.21.4.18,21,4,18
name18g4.21.4.20,21,4,20
name18g4.21.4.22,21,4,22
name18g4.21.4.24,21,4,24
name18g4.21.4.26,21,4,26
name18g4.21.4.28,21,4,28
name18g4.21.4.30,21,4,30
name18g4.21.5.1,21,5,1
name18g4.21.5.3,21,5,3
name18g4.21.5.5,21,5,5
name18g4.21.5.7,21,5,7
name18g4.21.5.9,21,5,9
name18g4.21.5.11,21,5,11
name18g4.21.6.1,21,6,1
name18g4.21.6.3,21,6,3
name18g4.21.6.5,21,6,5
name18g4.21.7.1,21,7,1
name18g4.21.7.3,21,7,3
name18g4.21.7.5,21,7,5
name18g4.21.7.7,21,7,7
name18g4.21.8.1,21,8,1
name18g4.21.8.3,21,8,3
name18g4.21.8.5,21,8,5
name18g4.21.8.7,21,8,7
name18g4.21.8.9,21,8,9
name18g4.21.9.1,21,9,1
name18g4.21.9.3,21,9,3
name18g4.21.9.5,21,9,5
name18g4.21.9.7,21,9,7
name18g4.21.9.9,21,9,9
name18g4.21.9.11,21,9,11
name18g4.21.10.1,21,10,1
name18g4.21.10.3,21,10,3
name18g4.21.10.5,21,10,5
name18g4.21.10.7,21,10,7
name18g4.21.10.9,21,10,9
name18g4.21.10.11,21,10,11
name18g4.21.10.13,21,10,13
name18g4.21.10.15,21,10,15
name18g4.21.10.17,21,10,17
name18g4.21.10.19,21,10,19
name18g4.21.10.21,21,10,21
name18g4.21.11.1,21,11,1
name18g4.21.11.3,21,11,3
name18g4.21.11.5,21,11,5
name18g4.21.11.7,21,11,7
name18g4.21.11.9,21,11,9
name18g4.21.11.11,21,11,11
name18g4.21.11.13,21,11,13
name18g4.21.11.15,21,11,15
name18g4.21.11.17,21,11,17
name18g4.21.12.1,21,12,1
name18g4.21.12.3,21,12,3
name18g4.21.12.5,21,12,5
name18g4.21.12.7,21,12,7
name18g4.21.12.9,21,12,9
name18g4.21.12.11,21,12,11
name18g4.21.12.13,21,12,13
name18g4.21.13.1,21,13,1
name18g4.21.14.1,21,14,1
name18g4.21.14.3,21,14,3
name18g4.21.14.5,21,14,5
name18g4.21.14.7,21,14,7
name18g4.21.14.9,21,14,9
name18g4.21.14.11,21,14,11
name18g4.21.14.13,21,14,13
name18g4.21.15.1,21,15,1
name18g4.21.15.3,21,15,3
name18g4.21.15.5,21,15,5
name18g4.21.15.7,21,15,7
name18g4.21.15.9,21,15,9
name18g4.21.15.11,21,15,11
name18g4.21.16.1,21,16,1
name18g4.21.16.3,21,16,3
name18g4.21.16.5,21,16,5
name18g4.21.16.7,21,16,7
name18g4.21.17.1,21,17,1
name18g4.21.17.3,21,17,3
name18g4.21.17.5,21,17,5
name18g4.21.17.7,21,17,7
name18g4.21.17.9,21,17,9
name18g4.21.17.11,21,17,11
name18g4.21.17.13,21,17,13
name18g4.21.17.15,21,17,15
name18g4.21.17.17,21,17,17
name18g4.21.17.19,21,17,19
name18g4.21.17.21,21,17,21
name18g4.21.17.23,21,17,23
name18g4.21.18.1,21,18,1
name18g4.21.18.3,21,18,3
name18g4.21.18.5,21,18,5
name18g4.21.18.7,21,18,7
name18g4.21.18.9,21,18,9
name18g4.21.18.11,21,18,11
name18g4.21.18.13,21,18,13
name18g4.21.18.15,21,18,15
name18g4.21.18.17,21,18,17
name18g4.21.18.19,21,18,19
name18g4.21.19.1,21,19,1
name18g4.21.19.3,21,19,3
name18g4.21.19.5,21,19,5
name18g4.21.20.1,21,20,1
name18g4.21.20.2,21,20,2
name18g4.21.20.3,21,20,3
name18g4.21.20.4,21,20,4
name18g4.21.20.5,21,20,5
name18g4.21.20.6,21,20,6
name18g4.21.20.11,21,20,11
name18g4.21.20.12,21,20,12
name18g4.21.20.13,21,20,13
name18g4.21.20.14,21,20,14
name18g4.21.20.18,21,20,18
name18g4.21.20.19,21,20,19
name18g4.21.20.23,21,20,23
name18g4.21.20.24,21,20,24
name18g4.21.20.25,21,20,25
name18g4.21.20.26,21,20,26
name18g4.21.20.27,21,20,27
name18g4.21.20.28,21,20,28
name18g4.21.20.29,21,20,29
name18g4.21.20.31,21,20,31
name18g4.21.20.32,21,20,32
name18g4.23.1.1,23,1,1
name18g4.23.1.2,23,1,2
name18g4.23.1.3,23,1,3
name18g4.23.1.4,23,1,4
name18g4.23.1.5,23,1,5
name18g4.23.2.1,23,2,1
name18g4.23.2.2,23,2,2
name18g4.23.2.3,23,2,3
name18g4.23.2.4,23,2,4
name18g4.23.2.5,23,2,5
name18g4.23.3.1,23,3,1
name18g4.23.3.2,23,3,2
name18g4.23.3.3,23,3,3
name18g4.23.3.4,23,3,4
name18g4.23.3.5,23,3,5
name18g4.23.4.1,23,4,1
name18g4.23.4.2,23,4,2
name18g4.23.4.3,23,4,3
name18g4.23.4.4,23,4,4
name18g4.23.4.5,23,4,5
name18g4.31.1.1,31,1,1
name18g4.31.1.3,31,1,3
name18g4.31.1.5,31,1,5
name18g4.31.1.7,31,1,7
name18g4.31.1.9,31,1,9
name18g4.31.1.11,31,1,11
name18g4.31.1.13,31,1,13
name18g4.31.1.15,31,1,15
name18g4.31.1.17,31,1,17
name18g4.31.1.19,31,1,19
name18g4.31.1.21,31,1,21
name18g4.31.1.23,31,1,23
name18g4.31.1.25,31,1,25
name18g4.31.1.27,31,1,27
name18g4.31.1.29,31,1,29
name18g4.31.1.31,31,1,31
name18g4.31.1.33,31,1,33
name18g4.31.2.1,31,2,1
name18g4.31.2.6,31,2,6
name18g4.31.2.8,31,2,8
name18g4.31.2.10,31,2,10
name18g4.31.2.12,31,2,12
name18g4.31.2.14,31,2,14
name18g4.31.2.16,31,2,16
name18g4.31.2.18,31,2,18
name18g4.31.2.20,31,2,20
name18g4.31.2.22,31,2,22
name18g4.31.3.1,31,3,1
name18g4.31.3.3,31,3,3
name18g4.31.3.5,31,3,5
name18g4.31.3.7,31,3,7
name18g4.31.3.9,31,3,9
name18g4.31.3.11,31,3,11
name18g4.31.3.13,31,3,13
name18g4.31.3.15,31,3,15
name18g4.31.3.17,31,3,17
name18g4.31.3.19,31,3,19
name18g4.31.3.21,31,3,21
name18g4.31.4.1,31,4,1
name18g4.31.4.3,31,4,3
name18g4.31.4.5,31,4,5
name18g4.31.4.7,31,4,7
name18g4.31.4.9,31,4,9
name18g4.31.4.11,31,4,11
name18g4.31.4.13,31,4,13
name18g4.31.4.15,31,4,15
name18g4.31.4.17,31,4,17
name18g4.31.4.19,31,4,19
name18g4.31.4.21,31,4,21
name18g4.31.5.1,31,5,1
name18g4.31.5.3,31,5,3
name18g4.31.5.5,31,5,5
name18g4.31.5.7,31,5,7
name18g4.31.5.9,31,5,9
name18g4.31.5.11,31,5,11
name18g4.31.5.13,31,5,13
name18g4.31.5.15,31,5,15
name18g4.31.6.1,31,6,1
name18g4.31.6.3,31,6,3
name18g4.31.6.5,31,6,5
name18g4.31.6.7,31,6,7
name18g4.31.6.9,31,6,9
name18g4.31.6.11,31,6,11
name18g4.31.6.14,31,6,14
name18g4.31.6.17,31,6,17
name18g4.31.6.19,31,6,19
name18g4.31.7.1,31,7,1
name18g4.31.7.3,31,7,3
name18g4.31.7.5,31,7,5
name18g4.31.7.7,31,7,7
name18g4.31.7.9,31,7,9
name18g4.31.7.11,31,7,11
name18g4.31.7.13,31,7,13
name18g4.31.8.1,31,8,1
name18g4.31.8.3,31,8,3
name18g4.31.8.5,31,8,5
name18g4.31.8.7,31,8,7
name18g4.31.8.9,31,8,9
name18g4.31.8.11,31,8,11
name18g4.31.8.13,31,8,13
name18g4.31.8.15,31,8,15
name18g4.31.8.17,31,8,17
name18g4.31.8.19,31,8,19
name18g4.31.8.21,31,8,21
name18g4.31.8.23,31,8,23
name18g4.31.8.25,31,8,25
name18g4.31.9.1,31,9,1
name18g4.31.9.3,31,9,3
name18g4.31.9.5,31,9,5
name18g4.31.10.1,31,10,1
name18g4.31.10.3,31,10,3
name18g4.31.10.5,31,10,5
name18g4.31.10.7,31,10,7
name18g4.31.10.9,31,10,9
name18g4.31.10.11,31,10,11
name18g4.31.11.1,31,11,1
name18g4.31.11.3,31,11,3
name18g4.31.11.5,31,11,5
name18g4.31.12.1,31,12,1
name18g4.31.12.5,31,12,5
name18g4.31.12.6,31,12,6
name18g4.31.12.8,31,12,8
name18g4.31.12.10,31,12,10
name18g4.31.12.11,31,12,11
name18g4.31.12.12,31,12,12
name18g4.31.12.13,31,12,13
name18g4.31.12.14,31,12,14
name18g4.31.12.16,31,12,16
name18g4.31.12.17,31,12,17
name18g4.31.12.18,31,12,18
name18g4.31.12.22,31,12,22
name18g4.31.12.23,31,12,23
name18g4.31.12.24,31,12,24
name18g4.31.12.25,31,12,25
name18g4.31.12.28,31,12,28
name18g4.31.12.29,31,12,29
name18g4.33.1.1,33,1,1
name18g4.33.1.2,33,1,2
name18g4.33.1.3,33,1,3
name18g4.33.1.4,33,1,4
name18g4.33.1.5,33,1,5
name18g4.33.2.1,33,2,1
name18g4.33.2.2,33,2,2
name18g4.33.2.3,33,2,3
name18g4.33.2.4,33,2,4
name18g4.33.2.5,33,2,5
name18g4.41.1.1,41,1,1
name18g4.41.1.3,41,1,3
name18g4.41.1.5,41,1,5
name18g4.41.1.7,41,1,7
name18g4.41.1.9,41,1,9
name18g4.41.1.11,41,1,11
name18g4.41.1.13,41,1,13
name18g4.41.1.15,41,1,15
name18g4.41.1.17,41,1,17
name18g4.41.1.19,41,1,19
name18g4.41.1.21,41,1,21
name18g4.41.1.23,41,1,23
name18g4.41.1.25,41,1,25
name18g4.41.1.27,41,1,27
name18g4.41.1.29,41,1,29
name18g4.41.1.31,41,1,31
name18g4.41.1.33,41,1,33
name18g4.41.1.35,41,1,35
name18g4.41.1.37,41,1,37
name18g4.41.1.39,41,1,39
name18g4.41.1.41,41,1,41
name18g4.41.2.1,41,2,1
name18g4.41.2.3,41,2,3
name18g4.41.2.5,41,2,5
name18g4.41.2.7,41,2,7
name18g4.41.2.9,41,2,9
name18g4.41.2.11,41,2,11
name18g4.41.2.13,41,2,13
name18g4.41.2.15,41,2,15
name18g4.41.2.17,41,2,17
name18g4.41.2.19,41,2,19
name18g4.41.2.21,41,2,21
name18g4.41.3.1,41,3,1
name18g4.41.3.3,41,3,3
name18g4.41.4.1,41,4,1
name18g4.41.4.3,41,4,3
name18g4.41.4.5,41,4,5
name18g4.41.4.7,41,4,7
name18g4.41.4.9,41,4,9
name18g4.41.5.1,41,5,1
name18g4.41.5.3,41,5,3
name18g4.41.5.5,41,5,5
name18g4.41.5.7,41,5,7
name18g4.41.5.9,41,5,9
name18g4.41.5.11,41,5,11
name18g4.41.5.13,41,5,13
name18g4.41.6.1,41,6,1
name18g4.41.6.3,41,6,3
name18g4.41.6.5,41,6,5
name18g4.41.6.7,41,6,7
name18g4.41.6.9,41,6,9
name18g4.41.6.11,41,6,11
name18g4.41.7.1,41,7,1
name18g4.41.7.3,41,7,3
name18g4.41.7.5,41,7,5
name18g4.41.7.7,41,7,7
name18g4.41.8.1,41,8,1
name18g4.41.8.3,41,8,3
name18g4.41.8.5,41,8,5
name18g4.41.8.7,41,8,7
name18g4.41.9.1,41,9,1
name18g4.41.9.3,41,9,3
name18g4.41.9.5,41,9,5
name18g4.41.9.7,41,9,7
name18g4.41.9.9,41,9,9
name18g4.41.10.1,41,10,1
name18g4.41.10.3,41,10,3
name18g4.41.10.5,41,10,5
name18g4.41.10.7,41,10,7
name18g4.41.10.9,41,10,9
name18g4.41.10.11,41,10,11
name18g4.41.10.13,41,10,13
name18g4.41.10.15,41,10,15
name18g4.41.10.17,41,10,17
name18g4.41.10.19,41,10,19
name18g4.41.10.21,41,10,21
name18g4.41.10.23,41,10,23
name18g4.41.10.25,41,10,25
name18g4.41.10.27,41,10,27
name18g4.41.10.29,41,10,29
name18g4.41.10.31,41,10,31
name18g4.41.10.33,41,10,33
name18g4.41.10.35,41,10,35
name18g4.41.10.37,41,10,37
name18g4.41.10.39,41,10,39
name18g4.41.11.1,41,11,1
name18g4.41.11.3,41,11,3
name18g4.41.11.5,41,11,5
name18g4.41.11.7,41,11,7
name18g4.41.11.9,41,11,9
name18g4.41.11.11,41,11,11
name18g4.41.11.13,41,11,13
name18g4.41.11.15,41,11,15
name18g4.41.12.1,41,12,1
name18g4.41.12.3,41,12,3
name18g4.41.12.5,41,12,5
name18g4.41.13.1,41,13,1
name18g4.41.13.2,41,13,2
name18g4.41.13.3,41,13,3
name18g4.41.13.4,41,13,4
name18g4.41.13.5,41,13,5
name18g4.41.13.6,41,13,6
name18g4.41.13.7,41,13,7
name18g4.41.13.8,41,13,8
name18g4.41.13.9,41,13,9
name18g4.41.13.14,41,13,14
name18g4.41.13.15,41,13,15
name18g4.41.13.16,41,13,16
name18g4.41.13.17,41,13,17
name18g4.41.13.18,41,13,18
name18g4.41.13.19,41,13,19
name18g4.41.13.23,41,13,23
name18g4.41.13.26,41,13,26
name18g4.41.13.28,41,13,28
name18g4.43.1.1,43,1,1
name18g4.43.1.2,43,1,2
name18g4.43.1.3,43,1,3
name18g4.43.1.4,43,1,4
name18g4.43.1.5,43,1,5
name18g4.43.2.1,43,2,1
name18g4.43.2.2,43,2,2
name18g4.43.2.3,43,2,3
name18g4.43.2.4,43,2,4
name18g4.43.2.5,43,2,5
name18g4.43.3.1,43,3,1
name18g4.43.3.2,43,3,2
name18g4.43.3.3,43,3,3
name18g4.43.3.4,43,3,4
name18g4.43.4.1,43,4,1
name18g4.43.4.2,43,4,2
name18g4.43.4.3,43,4,3
name18g4.43.4.4,43,4,4
name18g4.43.4.5,43,4,5
name18g4.51.1.1,51,1,1
name18g4.51.1.3,51,1,3
name18g4.51.1.5,51,1,5
name18g4.51.1.7,51,1,7
name18g4.51.1.9,51,1,9
name18g4.51.1.11,51,1,11
name18g4.51.1.13,51,1,13
name18g4.51.1.15,51,1,15
name18g4.51.1.17,51,1,17
name18g4.51.1.19,51,1,19
name18g4.51.1.21,51,1,21
name18g4.51.1.23,51,1,23
name18g4.51.1.25,51,1,25
name18g4.51.1.27,51,1,27
name18g4.51.1.29,51,1,29
name18g4.51.2.1,51,2,1
name18g4.51.2.3,51,2,3
name18g4.51.2.5,51,2,5
name18g4.51.2.7,51,2,7
name18g4.51.2.9,51,2,9
name18g4.51.2.11,51,2,11
name18g4.51.2.13,51,2,13
name18g4.51.2.15,51,2,15
name18g4.51.2.17,51,2,17
name18g4.51.3.1,51,3,1
name18g4.51.3.3,51,3,3
name18g4.51.3.5,51,3,5
name18g4.51.3.7,51,3,7
name18g4.51.3.9,51,3,9
name18g4.51.3.11,51,3,11
name18g4.51.3.13,51,3,13
name18g4.51.3.15,51,3,15
name18g4.51.3.17,51,3,17
name18g4.51.3.19,51,3,19
name18g4.51.3.21,51,3,21
name18g4.51.3.23,51,3,23
name18g4.51.3.25,51,3,25
name18g4.51.3.27,51,3,27
name18g4.51.3.29,51,3,29
name18g4.51.3.31,51,3,31
name18g4.51.3.33,51,3,33
name18g4.51.3.35,51,3,35
name18g4.51.3.37,51,3,37
name18g4.51.4.1,51,4,1
name18g4.51.4.3,51,4,3
name18g4.51.4.5,51,4,5
name18g4.51.4.7,51,4,7
name18g4.51.4.9,51,4,9
name18g4.51.4.11,51,4,11
name18g4.51.4.13,51,4,13
name18g4.51.4.15,51,4,15
name18g4.51.5.1,51,5,1
name18g4.51.5.3,51,5,3
name18g4.51.5.5,51,5,5
name18g4.51.5.7,51,5,7
name18g4.51.5.9,51,5,9
name18g4.51.5.11,51,5,11
name18g4.51.5.13,51,5,13
name18g4.51.5.15,51,5,15
name18g4.51.5.17,51,5,17
name18g4.51.5.19,51,5,19
name18g4.51.5.21,51,5,21
name18g4.51.5.23,51,5,23
name18g4.51.6.1,51,6,1
name18g4.51.6.3,51,6,3
name18g4.51.6.5,51,6,5
name18g4.51.6.7,51,6,7
name18g4.51.6.9,51,6,9
name18g4.51.6.11,51,6,11
name18g4.51.6.13,51,6,13
name18g4.51.6.15,51,6,15
name18g4.51.6.17,51,6,17
name18g4.51.7.1,51,7,1
name18g4.51.7.3,51,7,3
name18g4.51.7.5,51,7,5
name18g4.51.7.7,51,7,7
name18g4.51.7.9,51,7,9
name18g4.51.7.11,51,7,11
name18g4.51.7.13,51,7,13
name18g4.51.8.1,51,8,1
name18g4.51.8.3,51,8,3
name18g4.51.8.5,51,8,5
name18g4.51.8.7,51,8,7
name18g4.51.9.1,51,9,1
name18g4.51.9.2,51,9,2
name18g4.51.9.3,51,9,3
name18g4.51.9.4,51,9,4
name18g4.51.9.5,51,9,5
name18g4.51.9.6,51,9,6
name18g4.51.9.7,51,9,7
name18g4.51.9.9,51,9,9
name18g4.51.9.13,51,9,13
name18g4.51.9.14,51,9,14
name18g4.51.9.15,51,9,15
name18g4.51.9.16,51,9,16
name18g4.51.9.18,51,9,18
name18g4.51.9.19,51,9,19
name18g4.51.9.20,51,9,20
name18g4.51.9.22,51,9,22
name18g4.51.9.23,51,9,23
name18g4.51.9.24,51,9,24
name18g4.51.9.29,51,9,29
name18g4.51.9.31,51,9,31
name18g4.53.1.1,53,1,1
name18g4.53.1.2,53,1,2
name18g4.53.1.3,53,1,3
name18g4.53.1.4,53,1,4
name18g4.53.1.5,53,1,5
name18g4.53.2.1,53,2,1
name18g4.53.2.2,53,2,2
name18g4.53.2.3,53,2,3
name18g4.53.2.4,53,2,4
name18g4.53.2.5,53,2,5
name18g4.61.1.1,61,1,1
name18g4.61.1.3,61,1,3
name18g4.61.1.5,61,1,5
name18g4.61.1.7,61,1,7
name18g4.61.1.9,61,1,9
name18g4.61.1.11,61,1,11
name18g4.61.1.13,61,1,13
name18g4.61.1.15,61,1,15
name18g4.61.1.17,61,1,17
name18g4.61.1.19,61,1,19
name18g4.61.2.1,61,2,1
name18g4.61.2.3,61,2,3
name18g4.61.2.5,61,2,5
name18g4.61.2.7,61,2,7
name18g4.61.2.9,61,2,9
name18g4.61.2.11,61,2,11
name18g4.61.2.13,61,2,13
name18g4.61.2.15,61,2,15
name18g4.61.2.17,61,2,17
name18g4.61.2.19,61,2,19
name18g4.61.2.21,61,2,21
name18g4.61.2.23,61,2,23
name18g4.61.3.1,61,3,1
name18g4.61.3.3,61,3,3
name18g4.61.3.5,61,3,5
name18g4.61.3.7,61,3,7
name18g4.61.3.9,61,3,9
name18g4.61.3.11,61,3,11
name18g4.61.3.13,61,3,13
name18g4.61.3.15,61,3,15
name18g4.61.3.17,61,3,17
name18g4.61.3.19,61,3,19
name18g4.61.3.21,61,3,21
name18g4.61.3.23,61,3,23
name18g4.61.3.25,61,3,25
name18g4.61.3.27,61,3,27
name18g4.61.3.29,61,3,29
name18g4.61.3.31,61,3,31
name18g4.61.3.33,61,3,33
name18g4.61.3.35,61,3,35
name18g4.61.4.1,61,4,1
name18g4.61.4.3,61,4,3
name18g4.61.4.5,61,4,5
name18g4.61.4.7,61,4,7
name18g4.61.4.9,61,4,9
name18g4.61.4.11,61,4,11
name18g4.61.4.13,61,4,13
name18g4.61.4.15,61,4,15
name18g4.61.4.17,61,4,17
name18g4.61.4.19,61,4,19
name18g4.61.4.21,61,4,21
name18g4.61.5.1,61,5,1
name18g4.61.5.3,61,5,3
name18g4.61.5.5,61,5,5
name18g4.61.5.7,61,5,7
name18g4.61.5.9,61,5,9
name18g4.61.5.11,61,5,11
name18g4.61.5.13,61,5,13
name18g4.61.5.15,61,5,15
name18g4.61.5.17,61,5,17
name18g4.61.5.19,61,5,19
name18g4.61.5.21,61,5,21
name18g4.61.5.23,61,5,23
name18g4.61.6.1,61,6,1
name18g4.61.6.3,61,6,3
name18g4.61.6.5,61,6,5
name18g4.61.6.7,61,6,7
name18g4.61.6.9,61,6,9
name18g4.61.6.11,61,6,11
name18g4.61.6.13,61,6,13
name18g4.61.6.15,61,6,15
name18g4.61.6.17,61,6,17
name18g4.61.6.19,61,6,19
name18g4.61.6.21,61,6,21
name18g4.61.6.23,61,6,23
name18g4.61.6.25,61,6,25
name18g4.61.6.27,61,6,27
name18g4.61.6.29,61,6,29
name18g4.61.6.31,61,6,31
name18g4.61.6.33,61,6,33
name18g4.61.6.35,61,6,35
name18g4.61.6.37,61,6,37
name18g4.61.6.39,61,6,39
name18g4.61.6.41,61,6,41
name18g4.61.7.1,61,7,1
name18g4.61.7.3,61,7,3
name18g4.61.7.5,61,7,5
name18g4.61.7.7,61,7,7
name18g4.61.7.9,61,7,9
name18g4.61.7.11,61,7,11
name18g4.61.7.13,61,7,13
name18g4.61.7.15,61,7,15
name18g4.61.7.17,61,7,17
name18g4.61.7.19,61,7,19
name18g4.61.7.21,61,7,21
name18g4.61.7.23,61,7,23
name18g4.61.7.25,61,7,25
name18g4.61.7.27,61,7,27
name18g4.61.8.1,61,8,1
name18g4.61.8.3,61,8,3
name18g4.61.8.5,61,8,5
name18g4.61.8.7,61,8,7
name18g4.61.8.9,61,8,9
name18g4.61.8.11,61,8,11
name18g4.61.8.13,61,8,13
name18g4.61.8.15,61,8,15
name18g4.61.8.17,61,8,17
name18g4.61.8.19,61,8,19
name18g4.61.9.1,61,9,1
name18g4.61.9.3,61,9,3
name18g4.61.9.5,61,9,5
name18g4.61.9.7,61,9,7
name18g4.61.9.9,61,9,9
name18g4.61.9.11,61,9,11
name18g4.61.9.13,61,9,13
name18g4.61.9.15,61,9,15
name18g4.61.9.17,61,9,17
name18g4.61.9.19,61,9,19
name18g4.61.9.21,61,9,21
name18g4.61.9.23,61,9,23
name18g4.61.9.25,61,9,25
name18g4.61.10.1,61,10,1
name18g4.61.10.3,61,10,3
name18g4.61.10.5,61,10,5
name18g4.61.11.1,61,11,1
name18g4.61.11.2,61,11,2
name18g4.61.11.3,61,11,3
name18g4.61.11.7,61,11,7
name18g4.61.11.8,61,11,8
name18g4.61.11.9,61,11,9
name18g4.61.11.10,61,11,10
name18g4.61.11.14,61,11,14
name18g4.61.11.15,61,11,15
name18g4.61.11.21,61,11,21
name18g4.61.11.22,61,11,22
name18g4.61.11.24,61,11,24
name18g4.61.11.26,61,11,26
name18g4.61.11.28,61,11,28
name18g4.61.11.33,61,11,33
name18g4.61.11.34,61,11,34
name18g4.61.11.35,61,11,35
name18g4.63.1.1,63,1,1
name18g4.63.1.2,63,1,2
name18g4.63.1.3,63,1,3
name18g4.63.1.4,63,1,4
name18g4.63.1.5,63,1,5
name18g4.63.2.1,63,2,1
name18g4.63.2.2,63,2,2
name18g4.63.2.3,63,2,3
name18g4.63.2.4,63,2,4
name18g4.63.2.5,63,2,5
name18g4.63.3.1,63,3,1
name18g4.63.3.2,63,3,2
name18g4.63.3.3,63,3,3
name18g4.63.3.4,63,3,4
name18g4.63.3.5,63,3,5
name18g4.71.1.1,71,1,1
name18g4.71.1.3,71,1,3
name18g4.71.1.5,71,1,5
name18g4.71.1.7,71,1,7
name18g4.71.1.9,71,1,9
name18g4.71.1.11,71,1,11
name18g4.71.1.13,71,1,13
name18g4.71.1.15,71,1,15
name18g4.71.1.17,71,1,17
name18g4.71.1.19,71,1,19
name18g4.71.2.1,71,2,1
name18g4.71.2.3,71,2,3
name18g4.71.2.5,71,2,5
name18g4.71.2.7,71,2,7
name18g4.71.2.9,71,2,9
name18g4.71.2.11,71,2,11
name18g4.71.2.21,71,2,21
name18g4.71.2.24,71,2,24
name18g4.71.2.26,71,2,26
name18g4.71.2.28,71,2,28
name18g4.71.2.30,71,2,30
name18g4.71.2.32,71,2,32
name18g4.71.2.34,71,2,34
name18g4.71.2.36,71,2,36
name18g4.71.2.38,71,2,38
name18g4.71.2.40,71,2,40
name18g4.71.3.1,71,3,1
name18g4.71.3.3,71,3,3
name18g4.71.3.5,71,3,5
name18g4.71.3.7,71,3,7
name18g4.71.4.1,71,4,1
name18g4.71.4.3,71,4,3
name18g4.71.4.5,71,4,5
name18g4.71.4.7,71,4,7
name18g4.71.4.9,71,4,9
name18g4.71.4.11,71,4,11
name18g4.71.4.13,71,4,13
name18g4.71.4.17,71,4,17
name18g4.71.4.19,71,4,19
name18g4.71.4.21,71,4,21
name18g4.71.4.23,71,4,23
name18g4.71.4.25,71,4,25
name18g4.71.5.1,71,5,1
name18g4.71.5.3,71,5,3
name18g4.71.5.5,71,5,5
name18g4.71.5.7,71,5,7
name18g4.71.5.9,71,5,9
name18g4.71.5.11,71,5,11
name18g4.71.5.13,71,5,13
name18g4.71.5.15,71,5,15
name18g4.71.5.17,71,5,17
name18g4.71.5.19,71,5,19
name18g4.71.5.21,71,5,21
name18g4.71.5.23,71,5,23
name18g4.71.5.25,71,5,25
name18g4.71.5.27,71,5,27
name18g4.71.5.29,71,5,29
name18g4.71.5.31,71,5,31
name18g4.71.5.33,71,5,33
name18g4.71.5.35,71,5,35
name18g4.71.6.1,71,6,1
name18g4.71.6.3,71,6,3
name18g4.71.6.5,71,6,5
name18g4.71.6.7,71,6,7
name18g4.71.6.9,71,6,9
name18g4.71.6.11,71,6,11
name18g4.71.6.13,71,6,13
name18g4.71.6.15,71,6,15
name18g4.71.6.17,71,6,17
name18g4.71.6.19,71,6,19
name18g4.71.6.21,71,6,21
name18g4.71.6.23,71,6,23
name18g4.71.6.25,71,6,25
name18g4.71.6.27,71,6,27
name18g4.71.6.29,71,6,29
name18g4.71.6.31,71,6,31
name18g4.71.6.33,71,6,33
name18g4.71.7.1,71,7,1
name18g4.71.7.3,71,7,3
name18g4.71.7.5,71,7,5
name18g4.71.7.7,71,7,7
name18g4.71.7.9,71,7,9
name18g4.71.7.11,71,7,11
name18g4.71.8.1,71,8,1
name18g4.71.8.3,71,8,3
name18g4.71.8.5,71,8,5
name18g4.71.8.7,71,8,7
name18g4.71.8.9,71,8,9
name18g4.71.8.11,71,8,11
name18g4.71.8.13,71,8,13
name18g4.71.8.15,71,8,15
name18g4.71.8.17,71,8,17
name18g4.71.8.19,71,8,19
name18g4.71.9.1,71,9,1
name18g4.71.9.3,71,9,3
name18g4.71.9.5,71,9,5
name18g4.71.9.7,71,9,7
name18g4.71.9.9,71,9,9
name18g4.71.9.11,71,9,11
name18g4.71.9.13,71,9,13
name18g4.71.9.15,71,9,15
name18g4.71.9.17,71,9,17
name18g4.71.10.1,71,10,1
name18g4.71.10.3,71,10,3
name18g4.71.10.5,71,10,5
name18g4.71.10.7,71,10,7
name18g4.71.10.9,71,10,9
name18g4.71.10.11,71,10,11
name18g4.71.10.13,71,10,13
name18g4.71.10.15,71,10,15
name18g4.71.10.17,71,10,17
name18g4.71.10.19,71,10,19
name18g4.71.10.21,71,10,21
name18g4.71.10.23,71,10,23
name18g4.71.10.25,71,10,25
name18g4.71.10.27,71,10,27
name18g4.71.10.29,71,10,29
name18g4.71.10.31,71,10,31
name18g4.71.10.33,71,10,33
name18g4.71.10.35,71,10,35
name18g4.71.10.37,71,10,37
name18g4.71.11.1,71,11,1
name18g4.71.11.3,71,11,3
name18g4.71.11.5,71,11,5
name18g4.71.11.7,71,11,7
name18g4.71.11.9,71,11,9
name18g4.71.11.11,71,11,11
name18g4.71.11.13,71,11,13
name18g4.71.11.15,71,11,15
name18g4.71.11.17,71,11,17
name18g4.71.11.19,71,11,19
name18g4.71.11.21,71,11,21
name18g4.71.12.1,71,12,1
name18g4.71.12.3,71,12,3
name18g4.71.12.5,71,12,5
name18g4.71.12.7,71,12,7
name18g4.71.12.9,71,12,9
name18g4.71.12.11,71,12,11
name18g4.71.12.13,71,12,13
name18g4.71.12.15,71,12,15
name18g4.71.13.1,71,13,1
name18g4.71.13.3,71,13,3
name18g4.71.13.5,71,13,5
name18g4.71.13.7,71,13,7
name18g4.71.14.1,71,14,1
name18g4.71.14.5,71,14,5
name18g4.71.14.6,71,14,6
name18g4.71.14.7,71,14,7
name18g4.71.14.8,71,14,8
name18g4.71.14.9,71,14,9
name18g4.71.14.13,71,14,13
name18g4.71.14.15,71,14,15
name18g4.71.14.16,71,14,16
name18g4.71.14.19,71,14,19
name18g4.71.14.20,71,14,20
name18g4.71.14.21,71,14,21
name18g4.71.14.23,71,14,23
name18g4.71.14.24,71,14,24
name18g4.71.14.25,71,14,25
name18g4.71.14.26,71,14,26
name18g4.71.14.28,71,14,28
name18g4.71.14.29,71,14,29
name18g4.71.14.33,71,14,33
name18g4.73.1.1,73,1,1
name18g4.73.1.2,73,1,2
name18g4.73.1.3,73,1,3
name18g4.73.1.4,73,1,4
name18g4.73.1.5,73,1,5
name18g4.73.2.1,73,2,1
name18g4.73.2.2,73,2,2
name18g4.73.2.3,73,2,3
name18g4.73.2.4,73,2,4
name18g4.73.2.5,73,2,5
name18g4.73.3.1,73,3,1
name18g4.73.3.2,73,3,2
name18g4.73.3.3,73,3,3
name18g4.73.3.4,73,3,4
name18g4.73.3.5,73,3,5
name18g4.81.1.1,81,1,1
name18g4.81.1.3,81,1,3
name18g4.81.1.5,81,1,5
name18g4.81.1.7,81,1,7
name18g4.81.1.9,81,1,9
name18g4.81.1.11,81,1,11
name18g4.81.1.13,81,1,13
name18g4.81.2.1,81,2,1
name18g4.81.2.3,81,2,3
name18g4.81.2.5,81,2,5
name18g4.81.2.7,81,2,7
name18g4.81.2.9,81,2,9
name18g4.81.2.11,81,2,11
name18g4.81.2.13,81,2,13
name18g4.81.2.15,81,2,15
name18g4.81.3.1,81,3,1
name18g4.81.3.3,81,3,3
name18g4.81.3.5,81,3,5
name18g4.81.4.1,81,4,1
name18g4.81.4.3,81,4,3
name18g4.81.4.5,81,4,5
name18g4.81.4.7,81,4,7
name18g4.81.4.9,81,4,9
name18g4.81.4.11,81,4,11
name18g4.81.4.13,81,4,13
name18g4.81.4.15,81,4,15
name18g4.81.4.17,81,4,17
name18g4.81.4.19,81,4,19
name18g4.81.4.21,81,4,21
name18g4.81.4.23,81,4,23
name18g4.81.4.25,81,4,25
name18g4.81.4.27,81,4,27
name18g4.81.4.29,81,4,29
name18g4.81.4.31,81,4,31
name18g4.81.4.33,81,4,33
name18g4.81.4.35,81,4,35
name18g4.81.4.37,81,4,37
name18g4.81.4.39,81,4,39
name18g4.81.4.41,81,4,41
name18g4.81.5.1,81,5,1
name18g4.81.5.3,81,5,3
name18g4.81.5.5,81,5,5
name18g4.81.5.7,81,5,7
name18g4.81.5.9,81,5,9
name18g4.81.5.11,81,5,11
name18g4.81.5.13,81,5,13
name18g4.81.5.15,81,5,15
name18g4.81.5.17,81,5,17
name18g4.81.5.19,81,5,19
name18g4.81.6.1,81,6,1
name18g4.81.6.3,81,6,3
name18g4.81.6.5,81,6,5
name18g4.81.6.7,81,6,7
name18g4.81.6.9,81,6,9
name18g4.81.7.1,81,7,1
name18g4.81.7.3,81,7,3
name18g4.81.7.5,81,7,5
name18g4.81.7.7,81,7,7
name18g4.81.7.9,81,7,9
name18g4.81.7.11,81,7,11
name18g4.81.7.13,81,7,13
name18g4.81.7.15,81,7,15
name18g4.81.8.1,81,8,1
name18g4.81.8.3,81,8,3
name18g4.81.8.5,81,8,5
name18g4.81.8.7,81,8,7
name18g4.81.8.9,81,8,9
name18g4.81.8.11,81,8,11
name18g4.81.9.1,81,9,1
name18g4.81.9.3,81,9,3
name18g4.81.9.5,81,9,5
name18g4.81.9.7,81,9,7
name18g4.81.9.9,81,9,9
name18g4.81.9.11,81,9,11
name18g4.81.9.13,81,9,13
name18g4.81.9.15,81,9,15
name18g4.81.9.17,81,9,17
name18g4.81.9.19,81,9,19
name18g4.81.9.21,81,9,21
name18g4.81.9.23,81,9,23
name18g4.81.10.1,81,10,1
name18g4.81.10.3,81,10,3
name18g4.81.10.5,81,10,5
name18g4.81.10.7,81,10,7
name18g4.81.10.9,81,10,9
name18g4.81.11.1,81,11,1
name18g4.81.11.3,81,11,3
name18g4.81.11.5,81,11,5
name18g4.81.11.7,81,11,7
name18g4.81.11.9,81,11,9
name18g4.81.11.11,81,11,11
name18g4.81.11.13,81,11,13
name18g4.81.11.15,81,11,15
name18g4.81.12.1,81,12,1
name18g4.81.12.3,81,12,3
name18g4.81.12.5,81,12,5
name18g4.81.13.1,81,13,1
name18g4.81.13.2,81,13,2
name18g4.81.13.3,81,13,3
name18g4.81.13.4,81,13,4
name18g4.81.13.8,81,13,8
name18g4.81.13.10,81,13,10
name18g4.81.13.11,81,13,11
name18g4.81.13.12,81,13,12
name18g4.81.13.13,81,13,13
name18g4.81.13.14,81,13,14
name18g4.81.13.18,81,13,18
name18g4.81.13.19,81,13,19
name18g4.81.13.20,81,13,20
name18g4.81.13.21,81,13,21
name18g4.81.13.23,81,13,23
name18g4.81.13.24,81,13,24
name18g4.81.13.25,81,13,25
name18g4.81.13.27,81,13,27
name18g4.81.13.28,81,13,28
name18g4.81.13.29,81,13,29
name18g4.83.1.1,83,1,1
name18g4.83.1.2,83,1,2
name18g4.83.1.3,83,1,3
name18g4.83.1.4,83,1,4
name18g4.83.1.5,83,1,5
name18g4.83.2.1,83,2,1
name18g4.83.2.2,83,2,2
name18g4.83.2.3,83,2,3
name18g4.83.2.4,83,2,4
name18g4.83.2.5,83,2,5
name18g4.83.3.1,83,3,1
name18g4.83.3.2,83,3,2
name18g4.83.3.3,83,3,3
name18g4.83.3.4,83,3,4
name18g4.83.3.5,83,3,5
name18g4.83.4.1,83,4,1
name18g4.83.4.2,83,4,2
name18g4.83.4.3,83,4,3
name18g4.83.4.4,83,4,4
name18g4.83.4.5,83,4,5
